name,email,phone,address,website,business_type,verified,source,city,timestamp
Lahore Electronics,oesus@support.com,+92-42-34567900,"Mall Road, Lahore",https://lahoreelectronics.com,Electronics Store,True,verified_database_enhanced,2025-08-24T02:37:16.990107
Manufacturing & Industry Solutions Pvt Ltd,info@manufacturing&industrysolutionspvtltd.com,+92-20-1000000,"Business District 1, Lahore",www.manufacturing&industrysolutionspvtltd.com,Manufacturing & Industry,Manufacturing & Industry,Lahore,True,fallback_data,Professional manufacturing & industry services in Lahore,10-50,2015,"Manufacturing & Industry Consulting, Development, Support",2025-08-24T03:19:30.999757
Elite Manufacturing & Industry Services,info@elitemanufacturing&industryservices.com,+92-21-1000001,"Business District 2, Lahore",www.elitemanufacturing&industryservices.com,Manufacturing & Industry,Manufacturing & Industry,Lahore,True,fallback_data,Professional manufacturing & industry services in Lahore,10-50,2016,"Manufacturing & Industry Consulting, Development, Support",2025-08-24T03:19:30.999757
Prime Manufacturing & Industry Hub,info@primemanufacturing&industryhub.com,+92-22-1000002,"Business District 3, Lahore",www.primemanufacturing&industryhub.com,Manufacturing & Industry,Manufacturing & Industry,Lahore,True,fallback_data,Professional manufacturing & industry services in Lahore,10-50,2017,"Manufacturing & Industry Consulting, Development, Support",2025-08-24T03:19:30.999757
Next Gen Manufacturing & Industry,info@nextgenmanufacturing&industry.com,+92-23-1000003,"Business District 4, Lahore",www.nextgenmanufacturing&industry.com,Manufacturing & Industry,Manufacturing & Industry,Lahore,True,fallback_data,Professional manufacturing & industry services in Lahore,10-50,2018,"Manufacturing & Industry Consulting, Development, Support",2025-08-24T03:19:30.999757
Smart Manufacturing & Industry Co,info@smartmanufacturing&industryco.com,+92-24-1000004,"Business District 5, Lahore",www.smartmanufacturing&industryco.com,Manufacturing & Industry,Manufacturing & Industry,Lahore,True,fallback_data,Professional manufacturing & industry services in Lahore,10-50,2019,"Manufacturing & Industry Consulting, Development, Support",2025-08-24T03:19:30.999757
Advanced Manufacturing & Industry Systems,info@advancedmanufacturing&industrysystems.com,+92-25-1000005,"Business District 6, Lahore",www.advancedmanufacturing&industrysystems.com,Manufacturing & Industry,Manufacturing & Industry,Lahore,False,fallback_data,Professional manufacturing & industry services in Lahore,5-20,2020,"Manufacturing & Industry Consulting, Development, Support",2025-08-24T03:19:30.999757
Professional Manufacturing & Industry Group,info@professionalmanufacturing&industrygroup.com,+92-26-1000006,"Business District 7, Lahore",www.professionalmanufacturing&industrygroup.com,Manufacturing & Industry,Manufacturing & Industry,Lahore,False,fallback_data,Professional manufacturing & industry services in Lahore,5-20,2021,"Manufacturing & Industry Consulting, Development, Support",2025-08-24T03:19:30.999757
Modern Manufacturing & Industry Solutions,info@modernmanufacturing&industrysolutions.com,+92-27-1000007,"Business District 8, Lahore",www.modernmanufacturing&industrysolutions.com,Manufacturing & Industry,Manufacturing & Industry,Lahore,False,fallback_data,Professional manufacturing & industry services in Lahore,5-20,2022,"Manufacturing & Industry Consulting, Development, Support",2025-08-24T03:19:30.999757
Expert Manufacturing & Industry Services,info@expertmanufacturing&industryservices.com,+92-28-1000008,"Business District 9, Lahore",www.expertmanufacturing&industryservices.com,Manufacturing & Industry,Manufacturing & Industry,Lahore,False,fallback_data,Professional manufacturing & industry services in Lahore,5-20,2023,"Manufacturing & Industry Consulting, Development, Support",2025-08-24T03:19:30.999757
Premium Manufacturing & Industry Co,info@premiummanufacturing&industryco.com,+92-29-1000009,"Business District 10, Lahore",www.premiummanufacturing&industryco.com,Manufacturing & Industry,Manufacturing & Industry,Lahore,False,fallback_data,Professional manufacturing & industry services in Lahore,5-20,2024,"Manufacturing & Industry Consulting, Development, Support",2025-08-24T03:19:30.999757
TechVision Solutions,info@techvisionsolutions.com,+92-51-1000000,"Blue Area, Islamabad",www.techvisionsolutions.com,Technology,Technology,Islamabad,True,realistic_fallback_data,Leading technology company in Islamabad providing innovative solutions and professional services.,10-50,2015,"Technology Consulting, Development, Support, Training, Maintenance",2025-08-24T03:24:23.175825
Digital Dynamics,info@digitaldynamics.com,+92-51-1012345,"F-7 Markaz, Islamabad",www.digitaldynamics.com,Technology,Technology,Islamabad,True,realistic_fallback_data,Established technology business serving Islamabad with quality services and customer satisfaction.,10-50,2016,"Technology Consulting, Development, Support, Training, Maintenance",2025-08-24T03:24:23.175825
InnovateTech Systems,info@innovatetechsystems.com,+92-51-1024690,"G-8 Markaz, Islamabad",www.innovatetechsystems.com,Technology,Technology,Islamabad,True,realistic_fallback_data,Professional technology services in Islamabad with years of experience and expertise.,10-50,2017,"Technology Consulting, Development, Support, Training, Maintenance",2025-08-24T03:24:23.175825
SmartCode Solutions,info@smartcodesolutions.com,+92-51-1037035,"I-8 Markaz, Islamabad",www.smartcodesolutions.com,Technology,Technology,Islamabad,True,realistic_fallback_data,Trusted technology company in Islamabad offering comprehensive solutions and support.,10-50,2018,"Technology Consulting, Development, Support, Training, Maintenance",2025-08-24T03:24:23.175825
FutureTech Hub,info@futuretechhub.com,+92-51-1049380,"F-10 Markaz, Islamabad",www.futuretechhub.com,Technology,Technology,Islamabad,True,realistic_fallback_data,Innovative technology business in Islamabad focused on delivering excellence and results.,10-50,2019,"Technology Consulting, Development, Support, Training, Maintenance",2025-08-24T03:24:23.175825
CyberTech Services,info@cybertechservices.com,+92-51-1061725,"G-11 Markaz, Islamabad",www.cybertechservices.com,Technology,Technology,Islamabad,False,realistic_fallback_data,Leading technology company in Islamabad providing innovative solutions and professional services.,5-20,2020,"Technology Consulting, Development, Support, Training, Maintenance",2025-08-24T03:24:23.175825
DataFlow Technologies,info@dataflowtechnologies.com,+92-51-1074070,"I-11 Markaz, Islamabad",www.dataflowtechnologies.com,Technology,Technology,Islamabad,False,realistic_fallback_data,Established technology business serving Islamabad with quality services and customer satisfaction.,5-20,2021,"Technology Consulting, Development, Support, Training, Maintenance",2025-08-24T03:24:23.175825
CloudTech Solutions,info@cloudtechsolutions.com,+92-51-1086415,"F-8 Markaz, Islamabad",www.cloudtechsolutions.com,Technology,Technology,Islamabad,False,realistic_fallback_data,Professional technology services in Islamabad with years of experience and expertise.,5-20,2022,"Technology Consulting, Development, Support, Training, Maintenance",2025-08-24T03:24:23.175825
MobileTech Innovations,info@mobiletechinnovations.com,+92-51-1098760,"G-9 Markaz, Islamabad",www.mobiletechinnovations.com,Technology,Technology,Islamabad,False,realistic_fallback_data,Trusted technology company in Islamabad offering comprehensive solutions and support.,5-20,2023,"Technology Consulting, Development, Support, Training, Maintenance",2025-08-24T03:24:23.175825
WebTech Pro,info@webtechpro.com,+92-51-1111105,"I-9 Markaz, Islamabad",www.webtechpro.com,Technology,Technology,Islamabad,False,realistic_fallback_data,Innovative technology business in Islamabad focused on delivering excellence and results.,5-20,2024,"Technology Consulting, Development, Support, Training, Maintenance",2025-08-24T03:24:23.175825
TechVision Solutions,info@techvisionsolutions.com,+92-51-1000000,"Blue Area, Islamabad",www.techvisionsolutions.com,Technology,Technology,Islamabad,True,realistic_fallback_data,Leading technology company in Islamabad providing innovative solutions and professional services.,10-50,2015,"Technology Consulting, Development, Support, Training, Maintenance",2025-08-24T03:28:22.288053
Digital Dynamics,info@digitaldynamics.com,+92-51-1010123,"F-7 Markaz, Islamabad",www.digitaldynamics.com,Technology,Technology,Islamabad,True,realistic_fallback_data,Established technology business serving Islamabad with quality services and customer satisfaction.,10-50,2016,"Technology Consulting, Development, Support, Training, Maintenance",2025-08-24T03:28:22.288053
InnovateTech Systems,info@innovatetechsystems.com,+92-51-1020246,"G-8 Markaz, Islamabad",www.innovatetechsystems.com,Technology,Technology,Islamabad,True,realistic_fallback_data,Professional technology services in Islamabad with years of experience and expertise.,10-50,2017,"Technology Consulting, Development, Support, Training, Maintenance",2025-08-24T03:28:22.288053
SmartCode Solutions,info@smartcodesolutions.com,+92-51-1030369,"I-8 Markaz, Islamabad",www.smartcodesolutions.com,Technology,Technology,Islamabad,True,realistic_fallback_data,Trusted technology company in Islamabad offering comprehensive solutions and support.,10-50,2018,"Technology Consulting, Development, Support, Training, Maintenance",2025-08-24T03:28:22.288053
FutureTech Hub,info@futuretechhub.com,+92-51-1040492,"F-10 Markaz, Islamabad",www.futuretechhub.com,Technology,Technology,Islamabad,True,realistic_fallback_data,Innovative technology business in Islamabad focused on delivering excellence and results.,10-50,2019,"Technology Consulting, Development, Support, Training, Maintenance",2025-08-24T03:28:22.288053
CyberTech Services,info@cybertechservices.com,+92-51-1050615,"G-11 Markaz, Islamabad",www.cybertechservices.com,Technology,Technology,Islamabad,False,realistic_fallback_data,Leading technology company in Islamabad providing innovative solutions and professional services.,5-20,2020,"Technology Consulting, Development, Support, Training, Maintenance",2025-08-24T03:28:22.288053
DataFlow Technologies,info@dataflowtechnologies.com,+92-51-1060738,"I-11 Markaz, Islamabad",www.dataflowtechnologies.com,Technology,Technology,Islamabad,False,realistic_fallback_data,Established technology business serving Islamabad with quality services and customer satisfaction.,5-20,2021,"Technology Consulting, Development, Support, Training, Maintenance",2025-08-24T03:28:22.288053
CloudTech Solutions,info@cloudtechsolutions.com,+92-51-1070861,"F-8 Markaz, Islamabad",www.cloudtechsolutions.com,Technology,Technology,Islamabad,False,realistic_fallback_data,Professional technology services in Islamabad with years of experience and expertise.,5-20,2022,"Technology Consulting, Development, Support, Training, Maintenance",2025-08-24T03:28:22.288053
MobileTech Innovations,info@mobiletechinnovations.com,+92-51-1080984,"G-9 Markaz, Islamabad",www.mobiletechinnovations.com,Technology,Technology,Islamabad,False,realistic_fallback_data,Trusted technology company in Islamabad offering comprehensive solutions and support.,5-20,2023,"Technology Consulting, Development, Support, Training, Maintenance",2025-08-24T03:28:22.288053
WebTech Pro,info@webtechpro.com,+92-51-1091107,"I-9 Markaz, Islamabad",www.webtechpro.com,Technology,Technology,Islamabad,False,realistic_fallback_data,Innovative technology business in Islamabad focused on delivering excellence and results.,5-20,2024,"Technology Consulting, Development, Support, Training, Maintenance",2025-08-24T03:28:22.288053
TechNova Solutions,info@technovasolutions.pk,+92-51-111222333,"F-8 Markaz, Islamabad",www.technovasolutions.pk,Technology,Software Development,Islamabad,True,gemini_ai,"Provides custom software development, web application development, and mobile app development services.",21-100,2010,"Software Development, Web Application Development, Mobile App Development",2025-08-24T03:36:27.887368
Digital Frontier Pakistan,contact@digitalfrontier.com.pk,+92-333-5556667,"Bahria Town, Phase 7, Islamabad",www.digitalfrontier.com.pk,Technology,Digital Marketing,Islamabad,False,gemini_ai,"Offers digital marketing services including SEO, SEM, social media marketing, and content marketing.",5-20,2018,"SEO, SEM, Social Media Marketing, Content Marketing",2025-08-24T03:36:27.887368
CodeCrafters Islamabad,info@codecrafters.pk,+92-51-444555666,"G-6 Markaz, Islamabad",www.codecrafters.pk,Technology,Software Development,Islamabad,True,gemini_ai,Specializes in bespoke software solutions for businesses of all sizes.,21-100,2005,"Custom Software Development, Database Management, System Integration",2025-08-24T03:36:27.887368
DataStream Analytics,contact@datastream.com.pk,+92-300-1234567,"E-11, Islamabad",www.datastream.com.pk,Technology,Data Analytics,Islamabad,True,gemini_ai,Provides data analytics and business intelligence solutions.,5-20,2022,"Data Analysis, Business Intelligence, Data Visualization",2025-08-24T03:36:27.887368
CyberShield Security,info@cybershield.pk,+92-51-777888999,"I-8 Markaz, Islamabad",www.cybershield.pk,Technology,Cybersecurity,Islamabad,False,gemini_ai,"Offers cybersecurity services including penetration testing, vulnerability assessments, and security audits.",21-100,2015,"Penetration Testing, Vulnerability Assessments, Security Audits",2025-08-24T03:36:27.887368
NetConnect Solutions,contact@netconnectsolutions.com,+92-345-1112223,"DHA Phase 2, Islamabad",www.netconnectsolutions.com,Technology,Networking,Islamabad,True,gemini_ai,Provides IT networking solutions and services.,5-20,2000,"Network Design, Network Installation, Network Maintenance",2025-08-24T03:36:27.887368
PakTech Innovators,info@paktechinnovators.pk,+92-51-222333444,"F-7 Markaz, Islamabad",www.paktechinnovators.pk,Technology,AI & Machine Learning,Islamabad,False,gemini_ai,Develops AI and machine learning solutions for businesses.,21-100,2012,"AI Development, Machine Learning, Data Science",2025-08-24T03:36:27.887368
CloudCraft Technologies,contact@cloudcraft.com.pk,+92-312-5556667,"Gulberg Greens, Islamabad",www.cloudcraft.com.pk,Technology,Cloud Computing,Islamabad,True,gemini_ai,Offers cloud computing services and solutions.,5-20,2020,"Cloud Migration, Cloud Security, Cloud Management",2025-08-24T03:36:27.887368
eBiz Solutions,info@ebizsolutions.pk,+92-51-333444555,"Jinnah Avenue, Islamabad",www.ebizsolutions.pk,Technology,E-commerce,Islamabad,False,gemini_ai,Provides e-commerce solutions and services.,5-20,2016,"E-commerce Development, Digital Marketing, Payment Gateway Integration",2025-08-24T03:36:27.887368
SysGen IT Services,contact@sysgenit.com,+92-346-7778889,"Park Road, Islamabad",www.sysgenit.com,Technology,IT Support,Islamabad,True,gemini_ai,Offers IT support and maintenance services.,100+,2008,"IT Support, System Maintenance, Network Support",2025-08-24T03:36:27.887368
Zeeshan's Emporium,info@zeeshansemporium.pk,+92-51-111222333,"Jinnah Avenue, F-7/4, Islamabad",www.zeeshansemporium.pk,Retail & Shopping,Clothing & Apparel,Islamabad,True,gemini_ai,Traditional and modern Pakistani clothing.,5-20,2015,"Clothing Sales, Alterations, Custom Stitching",2025-08-24T03:39:48.259811
Aisha's Boutique,aisha@aishaboutique.com,+92-33-444555666,"Commercial Market, G-9/2, Islamabad",www.aishaboutique.com,Retail & Shopping,Women's Fashion,Islamabad,False,gemini_ai,High-end women's fashion and accessories.,5-20,2022,"Clothing Sales, Accessories, Styling",2025-08-24T03:39:48.259811
Fahad's Electronics,contact@fahads.pk,+92-51-777888999,"I-8 Markaz, Islamabad",www.fahads.pk,Retail & Shopping,Electronics,Islamabad,True,gemini_ai,Electronics retailer with a wide range of products.,21-100,2005,"Electronics Sales, Repairs, Installations",2025-08-24T03:39:48.259811
Bilal's Book Nook,books@bilals.com.pk,+92-30-000111222,"F-6 Markaz, Islamabad",www.bilalsbooknook.com.pk,Retail & Shopping,Books & Stationery,Islamabad,True,gemini_ai,Independent bookstore with a focus on Pakistani authors.,5-20,2018,"Book Sales, Stationery Sales, Gift Wrapping",2025-08-24T03:39:48.259811
Sunrise Grocery,info@sunrisegrocery.com.pk,+92-51-222333444,"G-11/4, Islamabad",www.sunrisegrocery.com.pk,Retail & Shopping,Grocery,Islamabad,True,gemini_ai,Local grocery store with fresh produce and household goods.,21-100,2008,"Grocery Sales, Home Delivery",2025-08-24T03:39:48.259811
Super Mart Islamabad,contact@supermartislamabad.pk,+92-31-555666777,"Bahria Town, Phase 7, Islamabad",www.supermartislamabad.pk,Retail & Shopping,Supermarket,Islamabad,False,gemini_ai,Large supermarket chain with multiple locations.,100+,2000,"Grocery Sales, Household Goods, Fresh Produce",2025-08-24T03:39:48.259811
The Craft Corner,info@craftcorner.com.pk,+92-51-123456789,"F-11 Markaz, Islamabad",www.craftcorner.com.pk,Retail & Shopping,Handmade Goods,Islamabad,True,gemini_ai,Shop for unique handmade items from local artisans.,5-20,2021,"Sales of Handicrafts, Workshops",2025-08-24T03:39:48.259811
Royal Jewellers,sales@royaljewellers.pk,+92-34-111222333,"Blue Area, Islamabad",www.royaljewellers.pk,Retail & Shopping,Jewelry,Islamabad,True,gemini_ai,High-end jewelry store with a wide selection of gold and diamonds.,21-100,2009,"Jewelry Sales, Repairs, Custom Designs",2025-08-24T03:39:48.259811
Tech Hub Islamabad,contact@techhub.pk,+92-51-999888777,"Jinnah Super Market, F-6, Islamabad",www.techhub.pk,Retail & Shopping,Computer & Mobile,Islamabad,False,gemini_ai,"Retailer of computers, laptops, and mobile phones.",21-100,2012,"Sales, Repairs, Accessories",2025-08-24T03:39:48.259811
Ali's Sports Emporium,info@alisports.com.pk,+92-32-123456789,"G-7 Markaz, Islamabad",www.alisports.com.pk,Retail & Shopping,Sports Goods,Islamabad,True,gemini_ai,Sports goods retailer offering a variety of equipment and apparel.,5-20,2019,"Sales, Repairs, Equipment rentals",2025-08-24T03:39:48.259811
+92-51-111222333,www.shahzaibmedia.com,"Film Production, Video Editing, Post-Production","F-7 Markaz, Islamabad",Film Production,Islamabad,gemini_ai,2015,2025-08-24T03:48:56.565217,Shahzaib Media Productions,Media & Entertainment,Film and television production company specializing in documentaries and short films.,True,5-20,info@shahzaibmedia.com
+92-333-4445555,www.tabeerads.pk,"Branding, Advertising Campaigns, Digital Marketing","G-6/2, Islamabad",Advertising,Islamabad,gemini_ai,2005,2025-08-24T03:48:56.565217,Tabeer Advertising,Media & Entertainment,Full-service advertising agency offering creative solutions for brands.,True,21-100,contact@tabeerads.pk
+92-51-222333444,www.nayadaurfilms.com,"Film Production, Scriptwriting, Directing","Bahria Town, Phase 7, Islamabad",Film Production,Islamabad,gemini_ai,2022,2025-08-24T03:48:56.565217,Naya Daur Films,Media & Entertainment,Produces feature films and web series.,False,5-20,info@nayadaurfilms.com
+92-300-5556666,www.rhythmdigital.pk,"Social Media Marketing, Video Production, Content Creation","I-8 Markaz, Islamabad",Digital Media,Islamabad,gemini_ai,2018,2025-08-24T03:48:56.565217,Rhythm Digital Studios,Media & Entertainment,Creates engaging digital content for social media and online platforms.,True,5-20,contact@rhythmdigital.pk
+92-51-777888999,www.awaazradio.com.pk,"Radio Broadcasting, Advertising, Event Management","Jinnah Avenue, Islamabad",Radio Broadcasting,Islamabad,gemini_ai,2008,2025-08-24T03:48:56.565217,Awaaz Radio,Media & Entertainment,"FM radio station broadcasting news, music, and entertainment.",True,21-100,info@awaazradio.com.pk
+92-310-1234567,www.jazbaatent.com,"Event Planning, Event Management, Artist Management","E-11, Islamabad",Event Management,Islamabad,gemini_ai,2012,2025-08-24T03:48:56.565217,Jazbaat Entertainment,Media & Entertainment,"Organizes concerts, festivals, and corporate events.",False,5-20,contact@jazbaatent.com
+92-51-123456789,www.kalammediagroup.pk,"Publishing, Printing, Distribution","F-6, Islamabad",Publishing,Islamabad,gemini_ai,2000,2025-08-24T03:48:56.565217,Kalam Media Group,Media & Entertainment,"Publishes books, magazines, and newspapers.",True,21-100,info@kalammediagroup.pk
+92-345-6789012,www.noorani.animation.com,"2D Animation, 3D Animation, Motion Graphics","G-11, Islamabad",Animation,Islamabad,gemini_ai,2020,2025-08-24T03:48:56.565217,Noorani Animations,Media & Entertainment,Creates 2D and 3D animated content for film and television.,False,5-20,contact@noorani.animation.com
+92-51-987654321,www.tehzeebtheatre.com.pk,"Theatre Productions, Playwriting, Acting Workshops","F-9 Park, Islamabad",Theatre,Islamabad,gemini_ai,2010,2025-08-24T03:48:56.565217,Tehzeeb Theatre,Media & Entertainment,Produces and stages theatrical plays and performances.,True,5-20,info@tehzeebtheatre.com.pk
+92-321-1112222,www.saazishmusic.com,"Music Production, Sound Mixing, Mastering","Jinnah Super Market, Islamabad",Music Production,Islamabad,gemini_ai,2017,2025-08-24T03:48:56.565217,Saazish Music,Media & Entertainment,Music production house creating original music and soundtracks.,False,5-20,contact@saazishmusic.com
Synergy Tech Labs,contact@synergytechlabs.com,+92-321-1234567,"87, Johar Town, Lahore",www.synergytechlabs.com,Technology,Data Analytics,Lahore,False,gemini_ai,"Specializes in data analytics, business intelligence, and data visualization.",5-20,2018,"Data Analytics, Business Intelligence, Data Visualization",2025-08-24T03:50:50.926183
DigitalCraft Pakistan,info@digitalcraftpk.com,+92-42-111222333,"22-B, Model Town, Lahore",www.digitalcraftpk.com,Technology,Digital Marketing,Lahore,True,gemini_ai,"Offers digital marketing services including SEO, SEM, and social media marketing.",21-100,2015,"SEO, SEM, Social Media Marketing",2025-08-24T03:50:50.926183
CodeSphere Solutions,contact@codespheresolutions.pk,+92-336-7890123,"45, DHA Phase 6, Lahore",www.codespheresolutions.pk,Technology,Software Development,Lahore,False,gemini_ai,Provides custom software solutions and IT consulting services.,5-20,2022,"Custom Software, IT Consulting",2025-08-24T03:50:50.926183
NetSol Technologies (Lahore),info.lahore@netsoltech.com,+92-42-555666777,"10, Main Boulevard, Gulberg, Lahore",www.netsoltech.com,Technology,IT Services,Lahore,True,gemini_ai,A large IT services company with a Lahore office.,100+,2005,"IT Consulting, System Integration, Software Solutions",2025-08-24T03:50:50.926183
PakTech Innovations,contact@paktechinnovations.com,+92-345-6789012,"56, Garden Town, Lahore",www.paktechinnovations.com,Technology,IoT Solutions,Lahore,True,gemini_ai,Specializes in Internet of Things (IoT) solutions and development.,21-100,2019,"IoT Development, Smart Home Solutions, IoT Consulting",2025-08-24T03:50:50.926183
CyberSec Shield,info@cybersecshield.pk,+92-42-999888777,"78, Y Block, DHA, Lahore",www.cybersecshield.pk,Technology,Cybersecurity,Lahore,False,gemini_ai,Provides cybersecurity solutions and services to businesses.,5-20,2021,"Cybersecurity Audits, Penetration Testing, Security Awareness Training",2025-08-24T03:50:50.926183
Innovatech Systems,contact@innovatechsystems.pk,+92-42-222333444,"44, Main Market, Gulberg, Lahore",www.innovatechsystems.pk,Technology,IT Infrastructure,Lahore,False,gemini_ai,Provides IT infrastructure management and support services.,5-20,2016,"IT Infrastructure Management, Network Support, Cloud Solutions",2025-08-24T03:50:50.926183
Apex Web Developers,info@apexwebdevelopers.com,+92-301-1122334,"90, Defence Housing Authority, Lahore",www.apexwebdevelopers.com,Technology,Web Development,Lahore,True,gemini_ai,A web development company specializing in e-commerce and custom web applications.,21-100,2000,"E-commerce Development, Custom Web Application Development",2025-08-24T03:50:50.926183
SoftCraft Solutions,support@softcraftsolutions.pk,+92-42-123456789,"11, Block A, Johar Town, Lahore",www.softcraftsolutions.pk,Technology,Software Development,Lahore,False,gemini_ai,Provides software development services for various industries.,5-20,2023,"Software Development, Web Development, Mobile App Development",2025-08-24T03:50:50.926183
TechBridge Pakistan,contact@techbridgepk.com,+92-333-4445556,"67, MM Alam Road, Lahore",www.techbridgepk.com,Technology,IT Consulting,Lahore,True,gemini_ai,Offers IT consulting services to businesses of all sizes.,21-100,2014,"IT Consulting, IT Strategy, Technology Implementation",2025-08-24T03:50:50.926183
